,sub,noise,Unnamed: 0,run,resp,reward,cor,cj,Q1,Q2,agent_nr
0,45628,0.0,20539999.5,49.5,0.52592625,0.5469636194525018,0.73613875,4.775401010532923,0.45959686659102983,0.4830872117226363,9.5
1,45628,0.4444444444444444,63739999.5,49.5,0.52440125,0.538034477576449,0.69039375,4.009423154602602,0.4642742671069649,0.48672434693773675,9.5
2,45628,0.8888888888888888,106939999.5,49.5,0.60702125,0.5324313387079667,0.65995375,3.4784866702404713,0.39821637883578453,0.46752891570633337,9.5
3,45628,1.3333333333333333,150139999.5,49.5,0.55712875,0.5180411469558589,0.59157625,3.319563344844821,0.4533174146085755,0.4883539805500997,9.5
4,45628,1.7777777777777777,193339999.5,49.5,0.53259125,0.5121721038467504,0.56052625,3.1355883789077454,0.465410015435021,0.4857939216535333,9.5
5,45628,2.2222222222222223,236539999.5,49.5,0.5451225,0.5267524497757524,0.63398,3.181362214042929,0.45053623273213217,0.47968224953730015,9.5
6,45628,2.6666666666666665,279739999.5,49.5,0.5263825,0.5168861378649484,0.58745,3.0839650764316593,0.4739111762796029,0.49076951665474583,9.5
7,45628,3.1111111111111107,322939999.5,49.5,0.51663,0.5139536974302961,0.5725375,3.0760734550898587,0.4821740130551807,0.49208545444903423,9.5
8,45628,3.555555555555556,366139999.5,49.5,0.55463375,0.5215363799796807,0.60854125,3.1205150803495205,0.44467810425080534,0.481432707690148,9.5
9,45628,4.0,409339999.5,49.5,0.53550375,0.5262624416323096,0.63284375,3.028668128515797,0.4565706606648691,0.4806574570408138,9.5
10,45640,0.0,20579999.5,49.5,0.50695625,0.5222514196265405,0.61009125,4.707825639320522,0.48300401170803126,0.4954259693131144,9.5
11,45640,0.4444444444444444,63779999.5,49.5,0.50432625,0.507680355473386,0.53663625,3.9417684735081853,0.4914349096370359,0.5024717612517954,9.5
12,45640,0.8888888888888888,106979999.5,49.5,0.5349875,0.5199348621139328,0.59744,3.5235433973370767,0.4625830024861894,0.4853863884491757,9.5
13,45640,1.3333333333333333,150179999.5,49.5,0.5267025,0.5143540622199282,0.5687425,3.2248669377426706,0.4699058260112616,0.4893687007300707,9.5
14,45640,1.7777777777777777,193379999.5,49.5,0.5999225,0.521545897938142,0.60257,3.1895033904542083,0.423931632907493,0.4782687718422658,9.5
15,45640,2.2222222222222223,236579999.5,49.5,0.5634975,0.5175749066951542,0.58443,3.0514736229823978,0.44922987030383205,0.4843745400493786,9.5
16,45640,2.6666666666666665,279779999.5,49.5,0.520145,0.5238675727928549,0.6175375,3.052829975380537,0.4770255404271659,0.48963562184454584,9.5
17,45640,3.1111111111111107,322979999.5,49.5,0.52666125,0.5088218659036287,0.54150625,3.0477869013063765,0.47948544295010825,0.4936009842529632,9.5
18,45640,3.555555555555556,366179999.5,49.5,0.5461825,0.5164088810525237,0.57855,3.0412340104879223,0.46297003214880467,0.4882840153033598,9.5
19,45640,4.0,409379999.5,49.5,0.544225,0.5088437593063705,0.5410825,3.0190134185340622,0.4707212997009885,0.49132340084699555,9.5
20,45664,0.0,20619999.5,49.5,0.5776525,0.5501076972673681,0.7336325,4.391446439359771,0.4210018549664364,0.46944332108855147,9.5
21,45664,0.4444444444444444,63819999.5,49.5,0.7511325,0.5204518795329242,0.5874325,3.851202435643112,0.32854866853112974,0.46951187504559644,9.5
22,45664,0.8888888888888888,107019999.5,49.5,0.69709125,0.522621549633181,0.59869125,3.347985439152008,0.36795037260577984,0.47711882959840196,9.5
23,45664,1.3333333333333333,150219999.5,49.5,0.62848625,0.5249224781457656,0.61048125,3.155378809961889,0.4128993463271548,0.4793886719116152,9.5
24,45664,1.7777777777777777,193419999.5,49.5,0.53454125,0.5125763544918989,0.55632375,3.0743196105968074,0.4765328891119885,0.4945539325482868,9.5
25,45664,2.2222222222222223,236619999.5,49.5,0.5952475,0.5128773670196956,0.5544375,3.0797748315237934,0.4409253568333157,0.4872543909146027,9.5
26,45664,2.6666666666666665,279819999.5,49.5,0.59725375,0.5129625682353415,0.55461375,3.0264444736408316,0.43866247799459374,0.4863168700519387,9.5
27,45664,3.1111111111111107,323019999.5,49.5,0.59543625,0.5135946113397408,0.55797875,3.083738986342032,0.4366494851979397,0.4859627071879122,9.5
28,45664,3.555555555555556,366219999.5,49.5,0.5529425,0.5270142438460987,0.622945,3.087535353359968,0.46088425935568594,0.48531023414862395,9.5
29,45664,4.0,409419999.5,49.5,0.53543625,0.5193251478577173,0.58651875,3.00684924705257,0.47479382992528985,0.49323845150330187,9.5
30,45682,0.0,20659999.5,49.5,0.604125,0.5317129142171417,0.6418725,4.63407658458291,0.38624293516619573,0.44908085074141124,9.5
31,45682,0.4444444444444444,63859999.5,49.5,0.60704375,0.5310128754349305,0.63849125,3.8409368045003496,0.3837986090505095,0.44915340826384503,9.5
32,45682,0.8888888888888888,107059999.5,49.5,0.58839125,0.5240466152706706,0.60826375,3.462968241460076,0.4165452236508563,0.46665781984844784,9.5
33,45682,1.3333333333333333,150259999.5,49.5,0.6110625,0.5263920696426447,0.6187475,3.2770395088438042,0.40894090679892026,0.46676877698565195,9.5
34,45682,1.7777777777777777,193459999.5,49.5,0.598095,0.5206374923532947,0.59219,3.1652043853666774,0.4285055438611326,0.47931599926158647,9.5
35,45682,2.2222222222222223,236659999.5,49.5,0.58384125,0.5206842394846849,0.59076125,3.129904337487999,0.430361273502423,0.47079188788408705,9.5
36,45682,2.6666666666666665,279859999.5,49.5,0.60365,0.5110861913928421,0.5442775,3.1597177857928687,0.4235972109971995,0.47927388127519116,9.5
37,45682,3.1111111111111107,323059999.5,49.5,0.58644875,0.5252084734705117,0.61447125,3.074063459273252,0.4324555768474441,0.4779900337323155,9.5
38,45682,3.555555555555556,366259999.5,49.5,0.56862625,0.5146369558915498,0.56493125,3.040214487485676,0.45064041919171755,0.48666818901790904,9.5
39,45682,4.0,409459999.5,49.5,0.58037625,0.5171910991376558,0.57544625,3.0539113782431953,0.43852760466829693,0.4798243700522189,9.5
40,45745,0.0,20699999.5,49.5,0.51382875,0.5552150372030934,0.77436875,4.833044243214958,0.4550664145567013,0.4644132995968315,9.5
41,45745,0.4444444444444444,63899999.5,49.5,0.5375475,0.5446531131132131,0.7194325,4.0167443884091885,0.43876494265465255,0.4642845187299647,9.5
42,45745,0.8888888888888888,107099999.5,49.5,0.546465,0.5418152442778702,0.7040725,3.52911326770872,0.4331352096317619,0.46210407020243444,9.5
43,45745,1.3333333333333333,150299999.5,49.5,0.563775,0.5243450357634971,0.6174275,3.3229122296925477,0.43500781085059703,0.4713068878193246,9.5
44,45745,1.7777777777777777,193499999.5,49.5,0.56819875,0.517518877740788,0.58281375,3.19744223894481,0.43756754209685067,0.4771608631674632,9.5
45,45745,2.2222222222222223,236699999.5,49.5,0.57217125,0.5147175166581627,0.56864875,3.1421572522740795,0.4405840325998017,0.48085718542105227,9.5
46,45745,2.6666666666666665,279899999.5,49.5,0.53567,0.5217909824479465,0.6055875,3.090174741077717,0.4606011357961493,0.4818903949003592,9.5
47,45745,3.1111111111111107,323099999.5,49.5,0.5282325,0.510983670979163,0.5528975,3.094055260060663,0.4757124300911781,0.49221214554301346,9.5
48,45745,3.555555555555556,366299999.5,49.5,0.57603375,0.5173497699680091,0.58046625,3.040007967440522,0.43737184972990806,0.47810080037669955,9.5
49,45745,4.0,409499999.5,49.5,0.5680575,0.5124890272974013,0.5572375,3.0822154831426816,0.4462645759876708,0.4816189902451965,9.5
50,45760,0.0,20739999.5,49.5,0.66742125,0.5113464859055653,0.54412125,4.625025811074184,0.36222651075742246,0.44607945266573806,9.5
51,45760,0.4444444444444444,63939999.5,49.5,0.69328125,0.514720527701898,0.56138625,3.9375487492651877,0.3496264865621097,0.45269443283622507,9.5
52,45760,0.8888888888888888,107139999.5,49.5,0.62047375,0.5233461512951354,0.60700625,3.4615499980825155,0.3890845093831933,0.45181386362099396,9.5
53,45760,1.3333333333333333,150339999.5,49.5,0.57458625,0.5245989579525774,0.61666625,3.2476026145726995,0.42527258801236056,0.4643946789495268,9.5
54,45760,1.7777777777777777,193539999.5,49.5,0.61664125,0.5155573099054733,0.56897875,3.1787404388124414,0.4120432391163679,0.47535959645215153,9.5
55,45760,2.2222222222222223,236739999.5,49.5,0.57333625,0.5194664756849503,0.59108875,3.0778850565717906,0.44203288758112,0.47739484848285313,9.5
56,45760,2.6666666666666665,279939999.5,49.5,0.6164325,0.5142883890938094,0.5631525,3.047564512445287,0.413419911674386,0.4719252301158857,9.5
57,45760,3.1111111111111107,323139999.5,49.5,0.57410625,0.518053732149447,0.58483375,3.0935620414324245,0.4412817244376384,0.4788435324500941,9.5
58,45760,3.555555555555556,366339999.5,49.5,0.59758375,0.5123582235709263,0.55524125,3.0917449350844843,0.4303067133540768,0.4839891523741974,9.5
59,45760,4.0,409539999.5,49.5,0.56230625,0.5177755624527078,0.58285125,3.027230387307256,0.44902683043368086,0.4798826673954838,9.5
60,45763,0.0,20779999.5,49.5,0.51590375,0.5514248088348024,0.75630625,4.096534956089567,0.4657384236310095,0.4792705630568015,9.5
61,45763,0.4444444444444444,63979999.5,49.5,0.5092325,0.5321985047562061,0.658545,3.5306676662211953,0.4781490189712829,0.4902654998965609,9.5
62,45763,0.8888888888888888,107179999.5,49.5,0.53139,0.5407230216837383,0.7057025,3.3564008520711366,0.465218350508079,0.4821700782608239,9.5
63,45763,1.3333333333333333,150379999.5,49.5,0.54396375,0.5234912145239169,0.61467625,3.047094299485076,0.460391685603016,0.4886687327125422,9.5
64,45763,1.7777777777777777,193579999.5,49.5,0.603135,0.5282627493825814,0.6359475,3.087801784084489,0.40870003580973413,0.4682680746691368,9.5
65,45763,2.2222222222222223,236779999.5,49.5,0.522795,0.5160788821114445,0.5813075,3.1023322594783904,0.48065427188918924,0.49293097215255766,9.5
66,45763,2.6666666666666665,279979999.5,49.5,0.52753375,0.5212717072386732,0.60543875,2.9709547895759587,0.46636497917407665,0.4829444515756648,9.5
67,45763,3.1111111111111107,323179999.5,49.5,0.55688375,0.5134504307995281,0.56428625,3.0179188031588686,0.45105401357189556,0.4826587431937199,9.5
68,45763,3.555555555555556,366379999.5,49.5,0.53516375,0.5167017654532436,0.58279625,3.0189848276682456,0.46893380232477405,0.4876877393890467,9.5
69,45763,4.0,409579999.5,49.5,0.5599375,0.5204485612596669,0.599485,3.029804763120955,0.4372367725742415,0.47138609467076364,9.5
70,45805,0.0,20819999.5,49.5,0.52437875,0.5430453043079082,0.71423875,4.758998092883741,0.4798913667270082,0.49590052489047065,9.5
71,45805,0.4444444444444444,64019999.5,49.5,0.5097425,0.518537403878008,0.59138,3.955740162038972,0.48931201835216115,0.5014913777828146,9.5
72,45805,0.8888888888888888,107219999.5,49.5,0.5314625,0.5144486558801477,0.5701675,3.489884829256255,0.459782063130899,0.4807897478989763,9.5
73,45805,1.3333333333333333,150419999.5,49.5,0.5084625,0.5145426438624848,0.5712075,3.2825809815655016,0.48887184553013874,0.4997902282794793,9.5
74,45805,1.7777777777777777,193619999.5,49.5,0.52639125,0.5111055411958461,0.55552875,3.206755092544435,0.4875788906137639,0.49687836351385517,9.5
75,45805,2.2222222222222223,236819999.5,49.5,0.603415,0.5122963461941934,0.5584725,3.1306850193850098,0.41432047746665174,0.4691814095362368,9.5
76,45805,2.6666666666666665,280019999.5,49.5,0.57934875,0.5115594074584919,0.55557625,3.127724327937009,0.4408817206194317,0.4817292200556842,9.5
77,45805,3.1111111111111107,323219999.5,49.5,0.5504425,0.5091232090989762,0.543555,3.0444349966082473,0.4680201708978991,0.49304232454956903,9.5
78,45805,3.555555555555556,366419999.5,49.5,0.56091875,0.5181391498963641,0.58926625,3.126183453965524,0.45816619239463907,0.48565169983538353,9.5
79,45805,4.0,409619999.5,49.5,0.5689375,0.5141417946227987,0.5681975,3.129986808576952,0.4402038751087326,0.47873039461659306,9.5
80,45829,0.0,20859999.5,49.5,0.53934875,0.5587579771763838,0.77766625,4.656846006182354,0.43580935065030496,0.4612536185952375,9.5
81,45829,0.4444444444444444,64059999.5,49.5,0.562435,0.5510989026485412,0.738685,3.9117279065384705,0.42362226159227806,0.46053128266176757,9.5
82,45829,0.8888888888888888,107259999.5,49.5,0.57704375,0.5298863945203532,0.63571875,3.432036144222027,0.41103982861485683,0.4592097067983063,9.5
83,45829,1.3333333333333333,150459999.5,49.5,0.554495,0.5259788783016189,0.616895,3.2623274975286627,0.4431402537711998,0.47561142834825687,9.5
84,45829,1.7777777777777777,193659999.5,49.5,0.54182625,0.5294936969306997,0.63441875,3.1110652354138413,0.45030510387428097,0.47714410029975785,9.5
85,45829,2.2222222222222223,236859999.5,49.5,0.5441,0.5310767380831709,0.6385775,3.1601061408028177,0.4525571098596139,0.47630142822866195,9.5
86,45829,2.6666666666666665,280059999.5,49.5,0.55532375,0.52319091015204,0.60267625,3.1452633100051712,0.445749765311457,0.47700157333573023,9.5
87,45829,3.1111111111111107,323259999.5,49.5,0.53455625,0.5219164848955961,0.59418625,3.1637764605527523,0.4668549115657111,0.48396460049019063,9.5
88,45829,3.555555555555556,366459999.5,49.5,0.53776625,0.5236071941274366,0.60643625,3.0304205757121,0.4649667517781304,0.48757027137438874,9.5
89,45829,4.0,409659999.5,49.5,0.56125375,0.5218790458304986,0.59391625,3.039844645045053,0.44600012520203164,0.477186476546336,9.5
90,45964,0.0,20899999.5,49.5,0.5198025,0.5561229760279235,0.777995,4.275329407003043,0.4538056396711131,0.4670818177551749,9.5
91,45964,0.4444444444444444,64099999.5,49.5,0.52190875,0.5539024687509179,0.76773875,3.668447757574628,0.44767671395266234,0.4635937190203158,9.5
92,45964,0.8888888888888888,107299999.5,49.5,0.5844475,0.5318970867206941,0.6567725,3.3704149697286514,0.4121280356155687,0.4625311458001788,9.5
93,45964,1.3333333333333333,150499999.5,49.5,0.58512625,0.5209483960424285,0.60165625,3.199582245282213,0.41300894932863824,0.464616097592862,9.5
94,45964,1.7777777777777777,193699999.5,49.5,0.51224875,0.5148963427394764,0.57084375,3.122087339957488,0.4834102979413823,0.49120678559693626,9.5
95,45964,2.2222222222222223,236899999.5,49.5,0.55183125,0.5188377730498736,0.59205875,3.044616132044301,0.4486320586599383,0.479409113926311,9.5
96,45964,2.6666666666666665,280099999.5,49.5,0.569695,0.5140897662857937,0.567555,3.006538389119377,0.4439115937119119,0.48139818289829267,9.5
97,45964,3.1111111111111107,323299999.5,49.5,0.5504425,0.5131759806350668,0.56319,3.067943031367456,0.45490344528013693,0.4830249552068707,9.5
98,45964,3.555555555555556,366499999.5,49.5,0.52772125,0.511144518793466,0.55271875,3.086407672145734,0.47375832438066884,0.4901165197023538,9.5
99,45964,4.0,409699999.5,49.5,0.545665,0.5212948007113499,0.6030725,2.9990885507472407,0.45601999809922045,0.4816586904439202,9.5
100,46024,0.0,20939999.5,49.5,0.49249875,0.5416730963237831,0.72115125,4.70459980302225,0.44898817667741564,0.45434748614206333,9.5
101,46024,0.4444444444444444,64139999.5,49.5,0.50403,0.5493910341641016,0.756635,3.9508775452968194,0.4622072356302554,0.47017695317110686,9.5
102,46024,0.8888888888888888,107339999.5,49.5,0.50193125,0.5287418139526833,0.65516125,3.515538771040706,0.4730167921413724,0.4796208212306674,9.5
103,46024,1.3333333333333333,150539999.5,49.5,0.56018375,0.5278442487750761,0.64401625,3.253893233304698,0.4153067602153077,0.4567629195306211,9.5
104,46024,1.7777777777777777,193739999.5,49.5,0.52467,0.511113411451329,0.559655,3.147846740165418,0.47013580694216195,0.484697645593674,9.5
105,46024,2.2222222222222223,236939999.5,49.5,0.56324375,0.5165989527124804,0.58997125,3.1123452713768494,0.4448085815873499,0.4722172952804915,9.5
106,46024,2.6666666666666665,280139999.5,49.5,0.51454625,0.5157530980889711,0.58463625,3.0954618030999983,0.47491468280757393,0.4847433616383746,9.5
107,46024,3.1111111111111107,323339999.5,49.5,0.55341375,0.5226279110200871,0.61411875,2.9828804838208773,0.43957674754921905,0.4773868130082812,9.5
108,46024,3.555555555555556,366539999.5,49.5,0.50813625,0.5178894326119576,0.59780375,3.076730462158294,0.47492045914443626,0.48122028918927506,9.5
109,46024,4.0,409739999.5,49.5,0.56545125,0.520443624286048,0.60738875,3.0703104317831067,0.4244375394823264,0.4643713614028915,9.5
110,46057,0.0,20979999.5,49.5,0.5609625,0.5482128787177033,0.7423675,4.617044114075795,0.4109779105252272,0.45261049295315475,9.5
111,46057,0.4444444444444444,64179999.5,49.5,0.54956875,0.5515636042368949,0.75940875,3.930247496145268,0.4221312034542354,0.45621240579203826,9.5
112,46057,0.8888888888888888,107379999.5,49.5,0.6007325,0.5182161293078106,0.5835925,3.4835491761087334,0.4067678000759054,0.4672197108836711,9.5
113,46057,1.3333333333333333,150579999.5,49.5,0.53312875,0.5181506573334782,0.58921375,3.1575401614681193,0.46501697525968005,0.488437627231972,9.5
114,46057,1.7777777777777777,193779999.5,49.5,0.54109625,0.5207232195458711,0.60311375,3.113792331528038,0.4594660391025886,0.48235061154301717,9.5
115,46057,2.2222222222222223,236979999.5,49.5,0.54541125,0.5212909655450358,0.60496375,3.044370892711603,0.45241967515752085,0.4812394404982289,9.5
116,46057,2.6666666666666665,280179999.5,49.5,0.541425,0.5182342350173533,0.591755,3.0823974153748015,0.46222270168324564,0.4848205518358093,9.5
117,46057,3.1111111111111107,323379999.5,49.5,0.5551675,0.5222210779885624,0.60941,3.1199804967880134,0.4488506871496237,0.47968768409576223,9.5
118,46057,3.555555555555556,366579999.5,49.5,0.55463125,0.5187617838627361,0.59197875,3.0970131542044026,0.45166636263092136,0.48197542069173127,9.5
119,46057,4.0,409779999.5,49.5,0.56647625,0.5157481989960488,0.57521875,3.0746746228061053,0.44427576965804283,0.47940358547094364,9.5
120,46072,0.0,21019999.5,49.5,0.5787175,0.5475044794356326,0.732515,4.704144790353932,0.4133615782449941,0.46394579094783556,9.5
121,46072,0.4444444444444444,64219999.5,49.5,0.61994125,0.536400162896252,0.67406875,3.976520850146523,0.39230807240948706,0.46659858773286367,9.5
122,46072,0.8888888888888888,107419999.5,49.5,0.5936525,0.5391176901416971,0.68944,3.4167196400329,0.41924375009364473,0.47489294818333955,9.5
123,46072,1.3333333333333333,150619999.5,49.5,0.637215,0.5256466211405313,0.61989,3.250557195837502,0.3898974628179391,0.4733846498516753,9.5
124,46072,1.7777777777777777,193819999.5,49.5,0.5820525,0.519735108464835,0.592735,3.1597250510158545,0.44238332490664917,0.48433523447142396,9.5
125,46072,2.2222222222222223,237019999.5,49.5,0.604085,0.5254206956971658,0.6200125,3.1470914664596843,0.42920159742375086,0.480559662558915,9.5
126,46072,2.6666666666666665,280219999.5,49.5,0.5910625,0.5142374119413865,0.5641675,3.0412345073538316,0.43278508842193913,0.4832447720079391,9.5
127,46072,3.1111111111111107,323419999.5,49.5,0.59076875,0.5210293652356333,0.59915625,3.0747055573063355,0.42887925129283144,0.4799372047601325,9.5
128,46072,3.555555555555556,366619999.5,49.5,0.58513875,0.5162571070589046,0.57511625,3.068784909974202,0.4390670857142198,0.48226733071801486,9.5
129,46072,4.0,409819999.5,49.5,0.57340875,0.5188729487067903,0.58865625,3.0222100154973712,0.4541994778097855,0.48665306115770307,9.5
130,46102,0.0,21059999.5,49.5,0.585405,0.5534415328309824,0.750425,4.543576292227971,0.4235131488896132,0.47241451356018105,9.5
131,46102,0.4444444444444444,64259999.5,49.5,0.64999,0.5403393746611092,0.68698,3.899316216387599,0.392001273865967,0.47062349384032953,9.5
132,46102,0.8888888888888888,107459999.5,49.5,0.5991775,0.5329219236722463,0.654985,3.3245667103233543,0.4229653834623247,0.4734163181844083,9.5
133,46102,1.3333333333333333,150659999.5,49.5,0.58252875,0.5171369494463379,0.57909875,3.3030557153424622,0.43683040373025883,0.47804244183383,9.5
134,46102,1.7777777777777777,193859999.5,49.5,0.54692,0.5222386786020408,0.6045925,3.114993169978895,0.4594238835873148,0.484699687935478,9.5
135,46102,2.2222222222222223,237059999.5,49.5,0.56457375,0.5111458889474487,0.55061125,3.0980989804596915,0.45690065711749034,0.4888645337975533,9.5
136,46102,2.6666666666666665,280259999.5,49.5,0.59762875,0.5205923154721319,0.59550125,3.1947366125359595,0.4320641038732597,0.48156299663117724,9.5
137,46102,3.1111111111111107,323459999.5,49.5,0.5227975,0.5178913659638262,0.585045,3.045885639294065,0.4773545931595888,0.48908496741984714,9.5
138,46102,3.555555555555556,366659999.5,49.5,0.56484875,0.5170253085508055,0.57998875,3.058059028809004,0.45396081096464097,0.482612407482586,9.5
139,46102,4.0,409859999.5,49.5,0.55113875,0.5179209697688533,0.58497875,3.0601726352501277,0.46317252953526666,0.48612161080227806,9.5
140,46114,0.0,21099999.5,49.5,0.52659,0.5616006567715246,0.80694,4.426484592073476,0.4601189042137391,0.479417358607682,9.5
141,46114,0.4444444444444444,64299999.5,49.5,0.53281375,0.5551190383884665,0.77414625,3.776590796096836,0.4583232671140841,0.48134719692621264,9.5
142,46114,0.8888888888888888,107499999.5,49.5,0.60168875,0.5331855021590414,0.66293375,3.4004315528637425,0.40099192609163625,0.4625496978025692,9.5
143,46114,1.3333333333333333,150699999.5,49.5,0.52838,0.5195052813987366,0.596045,3.1571035612442584,0.46887468133845245,0.48672427700998944,9.5
144,46114,1.7777777777777777,193899999.5,49.5,0.56045,0.5213715185388265,0.604415,3.1898452930460564,0.44693301982792283,0.4794556740087227,9.5
145,46114,2.2222222222222223,237099999.5,49.5,0.56283625,0.518170949893001,0.58869875,3.091506860334992,0.44474375539376343,0.4815152056671912,9.5
146,46114,2.6666666666666665,280299999.5,49.5,0.52813625,0.5280937782316388,0.63910125,3.097787677849503,0.46842888581601155,0.48688707356208877,9.5
147,46114,3.1111111111111107,323499999.5,49.5,0.5709,0.510006782422612,0.54756,3.08034446897508,0.44677635056040316,0.48289477645054546,9.5
148,46114,3.555555555555556,366699999.5,49.5,0.580035,0.5179383030491376,0.587045,3.0350488520987047,0.42767478186217384,0.4753475340493301,9.5
149,46114,4.0,409899999.5,49.5,0.53825625,0.519502160919333,0.59587125,3.069593733531948,0.4620553662527308,0.4854431171541741,9.5
150,46159,0.0,21139999.5,49.5,0.53456125,0.560934415890316,0.79937375,4.5464187288771525,0.4477269524759652,0.47393479646875364,9.5
151,46159,0.4444444444444444,64339999.5,49.5,0.53185875,0.5572922382219196,0.78158375,3.8148865524758397,0.4514662784951345,0.4762764442281683,9.5
152,46159,0.8888888888888888,107539999.5,49.5,0.525235,0.5329970027123647,0.66285,3.491112488707376,0.4407392168408113,0.46482055136465644,9.5
153,46159,1.3333333333333333,150739999.5,49.5,0.52051875,0.5271388884899286,0.63313625,3.2854283835862654,0.47237899055614946,0.48595958710069664,9.5
154,46159,1.7777777777777777,193939999.5,49.5,0.57968125,0.5284778444949705,0.63422375,3.166038709466484,0.4059357333074278,0.45869517427617684,9.5
155,46159,2.2222222222222223,237139999.5,49.5,0.50237,0.5185054509962379,0.5946125,3.104123845341175,0.4720851819237074,0.4798347949738038,9.5
156,46159,2.6666666666666665,280339999.5,49.5,0.54189875,0.5163730600029816,0.57877875,3.0826165121874363,0.45433590735662505,0.4799242188513942,9.5
157,46159,3.1111111111111107,323539999.5,49.5,0.54815125,0.5160133705193334,0.57691125,3.0152488533025985,0.4547550034143393,0.4839037864722594,9.5
158,46159,3.555555555555556,366739999.5,49.5,0.5155875,0.5172229374306484,0.5870775,3.0082052945891995,0.4688986333256838,0.481939352914908,9.5
159,46159,4.0,409939999.5,49.5,0.5268175,0.5197565893127268,0.600655,2.995662492756608,0.4803840042747099,0.4927517623558202,9.5
160,46180,0.0,21179999.5,49.5,0.55552625,0.5559422959681871,0.78744625,4.521822086955686,0.43221925297178654,0.46906692197435956,9.5
161,46180,0.4444444444444444,64379999.5,49.5,0.54902875,0.5561620229906077,0.78804125,3.7677101656214327,0.4396235078661042,0.4725536720722806,9.5
162,46180,0.8888888888888888,107579999.5,49.5,0.5904425,0.5396191802291044,0.7007975,3.454666366392762,0.4101169951001799,0.4620949761856354,9.5
163,46180,1.3333333333333333,150779999.5,49.5,0.52388125,0.538178251226611,0.70183625,3.252454657616536,0.4658895742591969,0.4800847829077198,9.5
164,46180,1.7777777777777777,193979999.5,49.5,0.54094625,0.5296487511156013,0.65160875,3.1606657174887083,0.44567588358651583,0.4746099723152535,9.5
165,46180,2.2222222222222223,237179999.5,49.5,0.52831875,0.5179820203719936,0.59712875,3.117476969296759,0.45178841387715546,0.4704638301454028,9.5
166,46180,2.6666666666666665,280379999.5,49.5,0.528,0.5183506263173969,0.5986075,3.055015562125714,0.45841530619955384,0.47765146132448033,9.5
167,46180,3.1111111111111107,323579999.5,49.5,0.5174825,0.5190078663190854,0.5988825,3.065929631141281,0.4543448403269641,0.46914015668322623,9.5
168,46180,3.555555555555556,366779999.5,49.5,0.57786625,0.516815250109087,0.58602375,3.027453223777977,0.4374525870969367,0.48226260029595774,9.5
169,46180,4.0,409979999.5,49.5,0.55622875,0.5184627475851846,0.59667875,3.0364593083089892,0.4432841669329166,0.47780189388250655,9.5
170,46198,0.0,21219999.5,49.5,0.52873375,0.5573615202663352,0.77266625,4.472139250858516,0.442734588589655,0.46313462219414525,9.5
171,46198,0.4444444444444444,64419999.5,49.5,0.540855,0.5529279602788445,0.7491025,3.8681206743315175,0.4320622436389118,0.46015492112731465,9.5
172,46198,0.8888888888888888,107619999.5,49.5,0.5734875,0.5261337086418393,0.6161975,3.391557961995208,0.42295314728642147,0.4673421179384699,9.5
173,46198,1.3333333333333333,150819999.5,49.5,0.580925,0.5171252490484215,0.572875,3.304232078720222,0.42499833690250155,0.47366285340725256,9.5
174,46198,1.7777777777777777,194019999.5,49.5,0.523495,0.5132383512474183,0.5588,3.1726958711320967,0.4779919518629662,0.4901933949430106,9.5
175,46198,2.2222222222222223,237219999.5,49.5,0.57518625,0.5158581204834164,0.56621375,3.120230938913634,0.430569642238054,0.4729235318347871,9.5
176,46198,2.6666666666666665,280419999.5,49.5,0.52394,0.5099536087827041,0.542735,3.089247685853642,0.4767775463960606,0.49093666807707137,9.5
177,46198,3.1111111111111107,323619999.5,49.5,0.5804725,0.524604047274205,0.6074725,3.0740863115213637,0.42613171965342633,0.4715213486833319,9.5
178,46198,3.555555555555556,366819999.5,49.5,0.54167625,0.5193103801254203,0.58466375,3.0637003579267335,0.4622551615621977,0.48462581721417475,9.5
179,46198,4.0,410019999.5,49.5,0.561835,0.5155520645397004,0.5651975,3.05633905032032,0.44429178264126784,0.47855971612024434,9.5
180,46255,0.0,21259999.5,49.5,0.555215,0.5437952317500229,0.7165375,4.705689902799397,0.408332646689063,0.4489711049444863,9.5
181,46255,0.4444444444444444,64459999.5,49.5,0.58299125,0.5365087355586542,0.67719875,3.933934003434931,0.3845967422748025,0.4430408362936358,9.5
182,46255,0.8888888888888888,107659999.5,49.5,0.53787625,0.5205955716439432,0.60151875,3.464903383829759,0.4527113138664533,0.48109877966978354,9.5
183,46255,1.3333333333333333,150859999.5,49.5,0.53325875,0.5197433348944345,0.59802125,3.2637211639392323,0.44825534918366217,0.46776306403152773,9.5
184,46255,1.7777777777777777,194059999.5,49.5,0.53482,0.5282979139335119,0.641505,3.1388261901281873,0.44345520196039573,0.4643409716509594,9.5
185,46255,2.2222222222222223,237259999.5,49.5,0.5393075,0.5164169917588287,0.5804975,3.161465649221938,0.44974047301839054,0.47504879383494547,9.5
186,46255,2.6666666666666665,280459999.5,49.5,0.53421125,0.5138774614884671,0.56815125,3.0558828401184397,0.4683974793825371,0.48931834195711665,9.5
187,46255,3.1111111111111107,323659999.5,49.5,0.56445,0.5162773758002321,0.5777325,3.1092886793236807,0.4365792711557332,0.47691951862470705,9.5
188,46255,3.555555555555556,366859999.5,49.5,0.56977625,0.5216235240793906,0.60494875,3.069974484945857,0.42207797354373616,0.46695954319836097,9.5
189,46255,4.0,410059999.5,49.5,0.51909,0.5215007173652231,0.6072375,3.141739878387206,0.4655432734829607,0.4794635010622256,9.5
190,46330,0.0,21299999.5,49.5,0.5309225,0.5627595521758095,0.8186425,4.624457096405172,0.4644517852692135,0.4851351300794315,9.5
191,46330,0.4444444444444444,64499999.5,49.5,0.52864625,0.5560808621419698,0.78652625,3.964189614458204,0.4726648636084293,0.49016146845516967,9.5
192,46330,0.8888888888888888,107699999.5,49.5,0.59659,0.5356221861129952,0.6823725,3.426827693428738,0.446120383280979,0.4871608057614054,9.5
193,46330,1.3333333333333333,150899999.5,49.5,0.559765,0.5297373054870055,0.649425,3.2295846102579926,0.45734738163428257,0.48887686441018136,9.5
194,46330,1.7777777777777777,194099999.5,49.5,0.545615,0.5265101852340613,0.63617,3.131842984633848,0.47798307365476256,0.4942179581955974,9.5
195,46330,2.2222222222222223,237299999.5,49.5,0.59380125,0.5165510454973758,0.58098875,3.0982756527431365,0.44725250754825696,0.49192649112340847,9.5
196,46330,2.6666666666666665,280499999.5,49.5,0.57623,0.5200816092371756,0.60166,3.0312916813204227,0.4546446080777665,0.4919542348044895,9.5
197,46330,3.1111111111111107,323699999.5,49.5,0.5985875,0.5209158621954006,0.6059925,3.034653382194138,0.4498045952465191,0.49046717926539685,9.5
198,46330,3.555555555555556,366899999.5,49.5,0.58490875,0.5235401246471739,0.61882625,3.029534939027406,0.45242773182884566,0.4897584761360738,9.5
199,46330,4.0,410099999.5,49.5,0.58877,0.5300084812960583,0.64927,2.9883945805762155,0.4337816031235198,0.4838371066060488,9.5
200,46357,0.0,21339999.5,49.5,0.52518125,0.5573062931208094,0.79575875,4.437633351501599,0.4541342973558954,0.4729350640280767,9.5
201,46357,0.4444444444444444,64539999.5,49.5,0.52177,0.5578367281448886,0.7985025,3.812253557492633,0.4559589374809225,0.4730573040214897,9.5
202,46357,0.8888888888888888,107739999.5,49.5,0.5674025,0.54366187026281,0.72632,3.419101876700557,0.4432709906822731,0.4801367913705125,9.5
203,46357,1.3333333333333333,150939999.5,49.5,0.61353875,0.5283200340557181,0.64549875,3.2245948575070438,0.42373825678182003,0.4812582485557743,9.5
204,46357,1.7777777777777777,194139999.5,49.5,0.5286775,0.5228871695654154,0.61729,3.0693222516722414,0.46840219689434953,0.4873024144867832,9.5
205,46357,2.2222222222222223,237339999.5,49.5,0.589915,0.5246485358657056,0.624475,3.1144444551372272,0.4303708584396799,0.48039262035183977,9.5
206,46357,2.6666666666666665,280539999.5,49.5,0.586605,0.5221720336129076,0.613855,3.109670340001857,0.4401812313956629,0.48485678724551895,9.5
207,46357,3.1111111111111107,323739999.5,49.5,0.5726875,0.5164283441887818,0.58498,3.07749209814529,0.4510744721205096,0.48707652302535104,9.5
208,46357,3.555555555555556,366939999.5,49.5,0.60947375,0.5178055709047172,0.58797625,3.084936244114362,0.4245847783114242,0.4848570339392955,9.5
209,46357,4.0,410139999.5,49.5,0.58443625,0.5179799661786161,0.59432625,3.013706624976105,0.4449304496259978,0.4864675610527955,9.5
210,46384,0.0,21379999.5,49.5,0.50834,0.5587917707735715,0.7947,4.474680457201858,0.4484062490511886,0.45942865993650894,9.5
211,46384,0.4444444444444444,64579999.5,49.5,0.52871875,0.5498497144880979,0.74831375,3.859740101292609,0.43986981508256084,0.4619590060859169,9.5
212,46384,0.8888888888888888,107779999.5,49.5,0.53265375,0.5401410817154894,0.69924875,3.399475125460609,0.44230229057834164,0.4682730100522351,9.5
213,46384,1.3333333333333333,150979999.5,49.5,0.53667875,0.529355964689771,0.64364625,3.1537898557257176,0.46021106133669304,0.4789413527225267,9.5
214,46384,1.7777777777777777,194179999.5,49.5,0.54427375,0.5241440945081399,0.61659875,3.1148495954438644,0.45363046461050216,0.47771778431754686,9.5
215,46384,2.2222222222222223,237379999.5,49.5,0.5162775,0.5128332088263953,0.563175,3.0696967509521103,0.48589922972723804,0.4931860856169322,9.5
216,46384,2.6666666666666665,280579999.5,49.5,0.519375,0.5170077484431188,0.585025,3.067821188805542,0.4723998772956763,0.48473989355594976,9.5
217,46384,3.1111111111111107,323779999.5,49.5,0.5523725,0.5261788735521529,0.6274475,3.0485301958957014,0.43293992110466073,0.4669538844615539,9.5
218,46384,3.555555555555556,366979999.5,49.5,0.53614375,0.5149264084425689,0.57109375,3.025755806061385,0.4547831033557688,0.47660550031718335,9.5
219,46384,4.0,410179999.5,49.5,0.52020375,0.5150445888142309,0.57367875,3.0590161177821713,0.4784845946336256,0.48935326364011433,9.5
220,46450,0.0,21419999.5,49.5,0.51923875,0.5538122237938935,0.77519625,4.190878299393116,0.4780884116078221,0.4889083140959804,9.5
221,46450,0.4444444444444444,64619999.5,49.5,0.51469625,0.539581312439965,0.70189875,3.5834645730641945,0.48123257336717346,0.4925012663510898,9.5
222,46450,0.8888888888888888,107819999.5,49.5,0.5389925,0.5235846368868028,0.6216425,3.348328816723671,0.4600602436294619,0.4808147508190371,9.5
223,46450,1.3333333333333333,151019999.5,49.5,0.51362,0.5206740667506922,0.6050075,3.076447090689538,0.4843358333868252,0.49439385131130315,9.5
224,46450,1.7777777777777777,194219999.5,49.5,0.54190625,0.5277694543458636,0.64460875,3.2250804062067897,0.4593668007927779,0.48029079021949095,9.5
225,46450,2.2222222222222223,237419999.5,49.5,0.54258,0.5238805976595227,0.625035,3.091033724951532,0.44769098853843736,0.47065380643447124,9.5
226,46450,2.6666666666666665,280619999.5,49.5,0.58221875,0.5206419736057292,0.60558625,3.0183218152565674,0.44540696857988504,0.4859349295605315,9.5
227,46450,3.1111111111111107,323819999.5,49.5,0.54320375,0.5265309903717801,0.63588625,3.020466782317516,0.4593711869050249,0.48436693360599004,9.5
228,46450,3.555555555555556,367019999.5,49.5,0.56641125,0.5214613020445268,0.61182625,3.048052157655477,0.44698687528776215,0.48253340940778483,9.5
229,46450,4.0,410219999.5,49.5,0.537295,0.5240520373110448,0.6244725,3.042405847963129,0.46173053224365357,0.48095828724195067,9.5
230,46471,0.0,21459999.5,49.5,0.5563725,0.5522590881346229,0.75944,4.572765808855824,0.4461380373859083,0.47699060584545977,9.5
231,46471,0.4444444444444444,64659999.5,49.5,0.60982,0.5396031191388753,0.6945475,3.9230346971604018,0.41801096423645584,0.4728874854054566,9.5
232,46471,0.8888888888888888,107859999.5,49.5,0.52872625,0.5265637948282423,0.62980625,3.272687873755815,0.4760068089940308,0.4937772753872385,9.5
233,46471,1.3333333333333333,151059999.5,49.5,0.6046825,0.5233428958816694,0.6134375,3.19485794691538,0.4342251156201463,0.4818442265296966,9.5
234,46471,1.7777777777777777,194259999.5,49.5,0.570775,0.5184645068481892,0.5896175,3.1460490808783543,0.4428628438202806,0.48160361492980885,9.5
235,46471,2.2222222222222223,237459999.5,49.5,0.57239875,0.5227500883625276,0.61119625,3.0810080281771985,0.454471107388856,0.48561609393036814,9.5
236,46471,2.6666666666666665,280659999.5,49.5,0.5961975,0.516649378902767,0.58121,3.108370518205345,0.4408062476274174,0.4847992641802203,9.5
237,46471,3.1111111111111107,323859999.5,49.5,0.62353875,0.5190799657514781,0.59196625,3.0986693458589794,0.41120972643251297,0.47605102546570094,9.5
238,46471,3.555555555555556,367059999.5,49.5,0.6327925,0.5197135354217217,0.5959575,3.094053167453863,0.4173444592804802,0.4777881676476632,9.5
239,46471,4.0,410259999.5,49.5,0.58953875,0.5167014278435822,0.58206625,3.0367868636980537,0.4548063931566316,0.48692609146450244,9.5
240,46486,0.0,21499999.5,49.5,0.54226625,0.5546436364026638,0.77345125,4.641720488403836,0.43521323758965996,0.4642300229674797,9.5
241,46486,0.4444444444444444,64699999.5,49.5,0.57611375,0.5478201113466202,0.73724625,3.9387401085522726,0.41824466553657685,0.4639550882951352,9.5
242,46486,0.8888888888888888,107899999.5,49.5,0.61754625,0.5317949554318959,0.65514125,3.443828288777416,0.39393683955897635,0.4598727021494956,9.5
243,46486,1.3333333333333333,151099999.5,49.5,0.53456,0.5217926067916082,0.6082975,3.171888117425545,0.4639785229276814,0.48907502712186135,9.5
244,46486,1.7777777777777777,194299999.5,49.5,0.55812875,0.5159306828130594,0.57767625,3.1942592472547466,0.4559228009359057,0.4867626631698182,9.5
245,46486,2.2222222222222223,237499999.5,49.5,0.56513125,0.5189592086143558,0.59327625,3.1224169681445537,0.43904145165558434,0.47352009837640646,9.5
246,46486,2.6666666666666665,280699999.5,49.5,0.562175,0.5233398733008143,0.6190125,3.058956101175847,0.4503844355531949,0.47811624164728134,9.5
247,46486,3.1111111111111107,323899999.5,49.5,0.56251,0.5158210130813392,0.57968,3.0284978534770555,0.44410743009713943,0.4738728802112452,9.5
248,46486,3.555555555555556,367099999.5,49.5,0.56067,0.5155836656624385,0.57752,3.0009485948288765,0.44527775083654064,0.4815807610124984,9.5
249,46486,4.0,410299999.5,49.5,0.5562325,0.5143616457844417,0.5713375,3.048434900594325,0.4534566721926997,0.4839487809746798,9.5
250,46489,0.0,21539999.5,49.5,0.52631625,0.560362011228287,0.79812125,4.635340515615888,0.46590742473337415,0.4835788627536035,9.5
251,46489,0.4444444444444444,64739999.5,49.5,0.5170425,0.5517984918983942,0.756025,3.9173732163377997,0.46584452653759967,0.4781572293558086,9.5
252,46489,0.8888888888888888,107939999.5,49.5,0.56828,0.535932559490429,0.6736675,3.370128268119937,0.4466172953069472,0.48623914621950654,9.5
253,46489,1.3333333333333333,151139999.5,49.5,0.51642625,0.5200409583322182,0.59673625,3.3267419629316746,0.4829690844129209,0.49227469064077845,9.5
254,46489,1.7777777777777777,194339999.5,49.5,0.6282375,0.5211086161259428,0.5990075,3.1661948393217854,0.410309445793074,0.47864861148247956,9.5
255,46489,2.2222222222222223,237539999.5,49.5,0.52913625,0.5267299148156063,0.62945125,3.136170577892575,0.4700528244387776,0.48698973510174814,9.5
256,46489,2.6666666666666665,280739999.5,49.5,0.60217125,0.5219922401583941,0.60435875,3.110953254971379,0.42482417841729764,0.48054481856369247,9.5
257,46489,3.1111111111111107,323939999.5,49.5,0.504135,0.5095437255382049,0.545345,3.109228088678022,0.4877273995737673,0.4947697141158684,9.5
258,46489,3.555555555555556,367139999.5,49.5,0.5859275,0.5213035120695484,0.601045,3.1076998906744695,0.4397077733986627,0.48747876756108205,9.5
259,46489,4.0,410339999.5,49.5,0.55938,0.5218972965471069,0.605755,3.0792370257863246,0.45278677288766145,0.4823227994117867,9.5
260,46522,0.0,21579999.5,49.5,0.568265,0.5532597962510573,0.76548,4.629642150697647,0.41897071138216824,0.4623403239387805,9.5
261,46522,0.4444444444444444,64779999.5,49.5,0.55957125,0.5548501674842203,0.77382875,3.945735580149028,0.424263833715179,0.4623903115289563,9.5
262,46522,0.8888888888888888,107979999.5,49.5,0.5448075,0.5494204146641231,0.74673,3.4540013199293056,0.43285403947650086,0.4637441682042132,9.5
263,46522,1.3333333333333333,151179999.5,49.5,0.5851575,0.5309143805844527,0.6537675,3.330959848165574,0.4253902512603776,0.47118865148181227,9.5
264,46522,1.7777777777777777,194379999.5,49.5,0.5608425,0.5280116529360993,0.639145,3.1523624512668023,0.4457783409650173,0.48144317227098765,9.5
265,46522,2.2222222222222223,237579999.5,49.5,0.58169,0.5151915762686335,0.57655,3.1649038144863484,0.43077009328379506,0.47761081579775083,9.5
266,46522,2.6666666666666665,280779999.5,49.5,0.5763275,0.5145792592029286,0.5733625,3.056176423512998,0.44072092497855164,0.4834334113677074,9.5
267,46522,3.1111111111111107,323979999.5,49.5,0.5836575,0.5248818661552496,0.6256275,3.1115815548359103,0.43669051234870543,0.48133408663044436,9.5
268,46522,3.555555555555556,367179999.5,49.5,0.56572875,0.5146746243326007,0.57280875,3.1012834214854417,0.4516576641368458,0.4857041266589122,9.5
269,46522,4.0,410379999.5,49.5,0.5653325,0.5194070162987307,0.595915,3.0134124445601307,0.44399717922048587,0.483007586209478,9.5
270,46552,0.0,21619999.5,49.5,0.555765,0.5535287269146038,0.7589325,4.678094195171502,0.4228385043955026,0.4601404992267545,9.5
271,46552,0.4444444444444444,64819999.5,49.5,0.567775,0.5440340821955618,0.7135125,3.920449257909499,0.41925637185795467,0.4612114169635095,9.5
272,46552,0.8888888888888888,108019999.5,49.5,0.58984375,0.5233296878620061,0.61069375,3.4412286836530415,0.41825912953108085,0.47323754034133214,9.5
273,46552,1.3333333333333333,151219999.5,49.5,0.54171125,0.5240649950715152,0.61683125,3.207049023435007,0.44339386709695466,0.47225186205420744,9.5
274,46552,1.7777777777777777,194419999.5,49.5,0.5449625,0.5069731406833519,0.53343,3.1455871358405547,0.46741690258264956,0.4909287968845665,9.5
275,46552,2.2222222222222223,237619999.5,49.5,0.54141,0.5138869449090483,0.5677625,3.088867217177556,0.4659099507552511,0.4893846837585115,9.5
276,46552,2.6666666666666665,280819999.5,49.5,0.53558875,0.5165477479335937,0.58128125,3.1128621552431954,0.46248085121140686,0.48287884184723356,9.5
277,46552,3.1111111111111107,324019999.5,49.5,0.5173275,0.5139196430415075,0.567555,3.0986822191494285,0.477636252501907,0.48859935329951887,9.5
278,46552,3.555555555555556,367219999.5,49.5,0.52081,0.5100785486827989,0.5496875,3.0206883747827167,0.48232753925270727,0.4932153010005158,9.5
279,46552,4.0,410419999.5,49.5,0.5734825,0.5149270495048165,0.5717625,3.018342020816908,0.43977913540345365,0.4817160649032037,9.5
280,46555,0.0,21659999.5,49.5,0.63733,0.5454370909978893,0.7155575,4.644487047745939,0.37713641210848137,0.4662868292116546,9.5
281,46555,0.4444444444444444,64859999.5,49.5,0.65199375,0.5389292611380744,0.68361375,3.9730348801821442,0.3669722424426915,0.46457553446422956,9.5
282,46555,0.8888888888888888,108059999.5,49.5,0.64362,0.5314789363269466,0.649455,3.502891031300945,0.37358820642784313,0.46092938351446433,9.5
283,46555,1.3333333333333333,151259999.5,49.5,0.5834575,0.5204149997230246,0.5977175,3.2483500005882355,0.42977039229643504,0.4800985772381608,9.5
284,46555,1.7777777777777777,194459999.5,49.5,0.5970575,0.5267749146611609,0.6306275,3.0815951303926052,0.41627205219356583,0.47127607005187433,9.5
285,46555,2.2222222222222223,237659999.5,49.5,0.5938375,0.5174957684718045,0.586265,3.069748066053982,0.44156229182993484,0.4861450157969184,9.5
286,46555,2.6666666666666665,280859999.5,49.5,0.62381,0.5182778820880724,0.5857325,3.0738583014770486,0.39730899227867006,0.4714534861354228,9.5
287,46555,3.1111111111111107,324059999.5,49.5,0.58848375,0.5207446427580755,0.60495625,3.0583389432374686,0.4512367112120659,0.4859454002851901,9.5
288,46555,3.555555555555556,367259999.5,49.5,0.60769375,0.5295451883801812,0.64197625,3.059728168978444,0.41256545106316445,0.47619103268346474,9.5
289,46555,4.0,410459999.5,49.5,0.5796425,0.5289826586869859,0.6433675,3.015262436134681,0.44654113111488003,0.48697519153985386,9.5
290,46573,0.0,21699999.5,49.5,0.5240625,0.5570937916427525,0.7746675,4.466419358286026,0.45063482802244065,0.46888199612497833,9.5
291,46573,0.4444444444444444,64899999.5,49.5,0.54820125,0.5520878410753879,0.74725875,3.8794594813287246,0.44388136394612426,0.47346821769349734,9.5
292,46573,0.8888888888888888,108099999.5,49.5,0.5782375,0.5378845339568972,0.6757075,3.406429385252469,0.4357711057191281,0.47776414256261224,9.5
293,46573,1.3333333333333333,151299999.5,49.5,0.588545,0.5272033252283045,0.6219825,3.1518838397089053,0.42520345996549214,0.47755864590961383,9.5
294,46573,1.7777777777777777,194499999.5,49.5,0.5821025,0.5254554307468033,0.613265,3.1294168648059073,0.42984230331666806,0.4794528907336276,9.5
295,46573,2.2222222222222223,237699999.5,49.5,0.5221475,0.5210108616147419,0.5966375,3.1150774616250616,0.4828565414293423,0.49345800459043004,9.5
296,46573,2.6666666666666665,280899999.5,49.5,0.5662875,0.5200887585724553,0.5895075,3.073801200196491,0.4431939259970662,0.4832308477645748,9.5
297,46573,3.1111111111111107,324099999.5,49.5,0.5869125,0.5240523265055964,0.6062825,3.065347418775648,0.4325214353891231,0.47909261625699956,9.5
298,46573,3.555555555555556,367299999.5,49.5,0.55928625,0.5237154103249865,0.60696375,2.987788800405257,0.45046610257611197,0.4845698158744262,9.5
299,46573,4.0,410499999.5,49.5,0.54234875,0.520474444723807,0.59212125,2.941906987401159,0.4636087546888705,0.48876215940404005,9.5
300,46591,0.0,21739999.5,49.5,0.55259375,0.5591836604664162,0.79245875,4.584817101444546,0.43963255416833735,0.47665703368719436,9.5
301,46591,0.4444444444444444,64939999.5,49.5,0.57116,0.5553326459366474,0.77173,3.908745876240533,0.4217199025024793,0.4709498572134153,9.5
302,46591,0.8888888888888888,108139999.5,49.5,0.53910375,0.5330172103468278,0.66115625,3.4182455310122717,0.4602308318968058,0.4849372568456191,9.5
303,46591,1.3333333333333333,151339999.5,49.5,0.53095625,0.5195906816894995,0.59394375,3.2454386091592773,0.4641399531161167,0.4878439055977383,9.5
304,46591,1.7777777777777777,194539999.5,49.5,0.54907375,0.5211719358564586,0.59958375,3.1790470724285615,0.4539922316414642,0.47860740874759583,9.5
305,46591,2.2222222222222223,237739999.5,49.5,0.54313125,0.5182197480147022,0.58637875,3.11324023088544,0.4583614040162343,0.48090341188563535,9.5
306,46591,2.6666666666666665,280939999.5,49.5,0.52856125,0.5168242748085498,0.58051625,3.0705489255297493,0.47923856822605876,0.49052581301123954,9.5
307,46591,3.1111111111111107,324139999.5,49.5,0.55313625,0.5211914793230519,0.59926125,3.1047026111942575,0.4386547795735641,0.47175504308820365,9.5
308,46591,3.555555555555556,367339999.5,49.5,0.53254625,0.5168308117072875,0.57701875,3.0389137630910126,0.45611215549502326,0.4776276677751374,9.5
309,46591,4.0,410539999.5,49.5,0.5356175,0.5177281445747726,0.5835925,3.046128990273017,0.4545926998748484,0.47760088070007367,9.5
310,46633,0.0,21779999.5,49.5,0.5398775,0.5553061473287408,0.7743175,4.528153629371121,0.4446710803570265,0.4747023727308597,9.5
311,46633,0.4444444444444444,64979999.5,49.5,0.5152875,0.5313799855292481,0.65433,3.7771192751574447,0.47440511237243205,0.49124501643002955,9.5
312,46633,0.8888888888888888,108179999.5,49.5,0.55127125,0.5321775684125714,0.65728125,3.3849448506123507,0.4332135924957265,0.4700134018928057,9.5
313,46633,1.3333333333333333,151379999.5,49.5,0.541755,0.5241238622163399,0.6178775,3.2380715999905676,0.45314262342956163,0.48028590722144365,9.5
314,46633,1.7777777777777777,194579999.5,49.5,0.5632175,0.5264509237476767,0.6285825,3.123948459632494,0.4283062176964359,0.467301715710253,9.5
315,46633,2.2222222222222223,237779999.5,49.5,0.54301,0.517720989207458,0.585615,3.132426962143034,0.4622776371870482,0.48797129934342004,9.5
316,46633,2.6666666666666665,280979999.5,49.5,0.53787625,0.5207946612961006,0.60276125,3.105826670614119,0.47198126270796864,0.4862559956665447,9.5
317,46633,3.1111111111111107,324179999.5,49.5,0.51605,0.5165218853973521,0.5809025,3.061444557184657,0.4784392445468592,0.4858048042346216,9.5
318,46633,3.555555555555556,367379999.5,49.5,0.521665,0.5234616416653199,0.6155875,3.1095663208376574,0.46550079918530146,0.48074130726845804,9.5
319,46633,4.0,410579999.5,49.5,0.5288675,0.5189733228617863,0.5934125,3.0699390004232026,0.4722712964849981,0.48652283832273746,9.5
320,46672,0.0,21819999.5,49.5,0.52438375,0.5530796459430747,0.77122625,4.378100391690801,0.456238048447385,0.4728588214656536,9.5
321,46672,0.4444444444444444,65019999.5,49.5,0.52327875,0.5525164994811484,0.76839375,3.7675786805239584,0.45722222896868364,0.4734142892399411,9.5
322,46672,0.8888888888888888,108219999.5,49.5,0.54280875,0.5309996430683268,0.65866375,3.484790336201171,0.45028556568012484,0.4777132750236815,9.5
323,46672,1.3333333333333333,151419999.5,49.5,0.53156,0.5134288758484011,0.56762,3.1755845268775533,0.47113719138231586,0.49013039631535166,9.5
324,46672,1.7777777777777777,194619999.5,49.5,0.53026375,0.5121516775630637,0.56197625,3.068724588310367,0.4711245780151618,0.48776687731728435,9.5
325,46672,2.2222222222222223,237819999.5,49.5,0.51385875,0.5193321909855132,0.60195125,3.024254020674029,0.4739902974546505,0.48787825217439373,9.5
326,46672,2.6666666666666665,281019999.5,49.5,0.546725,0.5196371778519684,0.601845,3.1158730545684463,0.44962678144805523,0.4743035774692314,9.5
327,46672,3.1111111111111107,324219999.5,49.5,0.52390375,0.5165218212872907,0.58914875,3.087011691478492,0.4814180292857966,0.4896283170394716,9.5
328,46672,3.555555555555556,367419999.5,49.5,0.5420125,0.5203780305020674,0.6044,2.9582388688334085,0.4570232527970396,0.48285645902983504,9.5
329,46672,4.0,410619999.5,49.5,0.539675,0.5187988128953072,0.5996425,3.0270789908548923,0.4646094028339891,0.4847023156808994,9.5
330,46687,0.0,21859999.5,49.5,0.52083,0.5498389919850714,0.741695,4.608923261019327,0.46139415905174747,0.4797577366346085,9.5
331,46687,0.4444444444444444,65059999.5,49.5,0.51812875,0.5471138676187564,0.72850625,3.8870397825473715,0.46647766294311843,0.4830571223353847,9.5
332,46687,0.8888888888888888,108259999.5,49.5,0.50930375,0.5136190541797301,0.56455875,3.3562138359226985,0.49100527163341984,0.49997489975964504,9.5
333,46687,1.3333333333333333,151459999.5,49.5,0.54026125,0.5241048958465058,0.61498625,3.2556913332938375,0.463066193506779,0.4864281245928561,9.5
334,46687,1.7777777777777777,194659999.5,49.5,0.54407375,0.5166486067258645,0.57861125,3.209696426417581,0.47239375368587133,0.49697836310599924,9.5
335,46687,2.2222222222222223,237859999.5,49.5,0.5536625,0.5124653398730376,0.558295,3.2106732531847824,0.472896245602359,0.49432242178578484,9.5
336,46687,2.6666666666666665,281059999.5,49.5,0.57524625,0.5264058603999336,0.62373875,3.118767906651354,0.44604504083010876,0.48553101267011,9.5
337,46687,3.1111111111111107,324259999.5,49.5,0.5996175,0.5228885508172786,0.6069825,3.1789249880106345,0.4439674001952371,0.4875919760748902,9.5
338,46687,3.555555555555556,367459999.5,49.5,0.541235,0.5187395196954261,0.5880875,3.074062946096197,0.46577419070288956,0.4886305733656797,9.5
339,46687,4.0,410659999.5,49.5,0.554275,0.5234604422821718,0.6119825,3.1011325896698287,0.4607974236872222,0.48715194674193313,9.5
340,46702,0.0,21899999.5,49.5,0.50244125,0.5585820224514881,0.77392625,4.7315493332902685,0.4706586696004313,0.4744745034785365,9.5
341,46702,0.4444444444444444,65099999.5,49.5,0.57905125,0.5418870968835556,0.68994625,3.969189033053201,0.4193466426714689,0.46787484129568185,9.5
342,46702,0.8888888888888888,108299999.5,49.5,0.52618,0.5234211849776345,0.6070425,3.4416610951197364,0.4700508774870349,0.4912412433330915,9.5
343,46702,1.3333333333333333,151499999.5,49.5,0.5707025,0.5154100620040011,0.56542,3.2325507995519516,0.438827210863568,0.4811297501322462,9.5
344,46702,1.7777777777777777,194699999.5,49.5,0.53135625,0.5236801188452921,0.60514375,3.151224003411526,0.4677722938621308,0.4844565800775618,9.5
345,46702,2.2222222222222223,237899999.5,49.5,0.5461975,0.5176306964733859,0.57407,3.1282274022130414,0.4593202365508356,0.4837193859768053,9.5
346,46702,2.6666666666666665,281099999.5,49.5,0.5380975,0.5122395907057837,0.5501025,3.1111504033130832,0.46939609725411197,0.485616515602462,9.5
347,46702,3.1111111111111107,324299999.5,49.5,0.54756625,0.5227799946080534,0.60025125,3.16333082706002,0.4525372057126405,0.47880394162498247,9.5
348,46702,3.555555555555556,367499999.5,49.5,0.54591,0.5161651947941892,0.5682575,3.1001775700156595,0.45826963066375986,0.48475934821084027,9.5
349,46702,4.0,410699999.5,49.5,0.551045,0.51353021818058,0.55574,3.03090619342529,0.46116151799792593,0.48838539357905036,9.5
350,46729,0.0,21939999.5,49.5,0.5098625,0.5609199593161526,0.7964775,4.534471591885692,0.4522037499920328,0.46213518507454093,9.5
351,46729,0.4444444444444444,65139999.5,49.5,0.50883875,0.5481913655363808,0.73523875,3.707158226564902,0.46756052845373314,0.47689357845398966,9.5
352,46729,0.8888888888888888,108339999.5,49.5,0.517635,0.53505528313806,0.66987,3.383560942136038,0.46095222704210376,0.47595225617864095,9.5
353,46729,1.3333333333333333,151539999.5,49.5,0.55024625,0.5313460078767089,0.65059375,3.209002429101409,0.4358276439062524,0.4689001218603378,9.5
354,46729,1.7777777777777777,194739999.5,49.5,0.5120225,0.5135848276037466,0.56584,3.14181890947451,0.4860976119279736,0.49227277574306616,9.5
355,46729,2.2222222222222223,237939999.5,49.5,0.51831375,0.5195256786914464,0.59469375,3.011186337876092,0.4740444150024409,0.4883505649265545,9.5
356,46729,2.6666666666666665,281139999.5,49.5,0.55609375,0.5235919767946511,0.61392625,3.0481529461393757,0.4385898919051712,0.4736513231984037,9.5
357,46729,3.1111111111111107,324339999.5,49.5,0.519765,0.5273906530058194,0.6342025,3.0225888021326357,0.47478909007019504,0.48748281960866874,9.5
358,46729,3.555555555555556,367539999.5,49.5,0.5271,0.5166212036969701,0.58117,3.035947791421927,0.4692492290053118,0.4845969443041174,9.5
359,46729,4.0,410739999.5,49.5,0.51797125,0.5210324123756759,0.60278875,2.998496382800314,0.4787241428820114,0.4894687138888004,9.5
360,46750,0.0,21979999.5,49.5,0.55550625,0.5566000385989961,0.77244125,4.349474290814303,0.4429004858768829,0.481067572826633,9.5
361,46750,0.4444444444444444,65179999.5,49.5,0.557425,0.5550560545769879,0.7640425,3.7181882971525924,0.4395088549086363,0.47866690962734426,9.5
362,46750,0.8888888888888888,108379999.5,49.5,0.54138375,0.5274537760355087,0.62726375,3.324752221130001,0.45904334068375874,0.48595878040478435,9.5
363,46750,1.3333333333333333,151579999.5,49.5,0.5202725,0.5291524460873503,0.6390175,3.1115566141189763,0.4725600750155808,0.4923809497445927,9.5
364,46750,1.7777777777777777,194779999.5,49.5,0.5396725,0.5205063498816054,0.593285,3.139798469142569,0.46134677555125475,0.4807134174122732,9.5
365,46750,2.2222222222222223,237979999.5,49.5,0.5989975,0.5199136538424197,0.59095,3.0233209337620583,0.42360136823750427,0.4795816422956178,9.5
366,46750,2.6666666666666665,281179999.5,49.5,0.5364125,0.5110069887286248,0.54845,3.025572186422095,0.47817331087304266,0.4939418669050085,9.5
367,46750,3.1111111111111107,324379999.5,49.5,0.58826375,0.5158729360421527,0.56999125,3.1244124575810694,0.4236832021719777,0.472252425056781,9.5
368,46750,3.555555555555556,367579999.5,49.5,0.51613875,0.5128481434048733,0.55975125,2.9879324769509643,0.48343191261897156,0.49858468584233456,9.5
369,46750,4.0,410779999.5,49.5,0.526755,0.5172732172468891,0.5783475,2.9762904496761378,0.4707458373998439,0.4874715340989724,9.5
370,46756,0.0,22019999.5,49.5,0.56407125,0.5563714692886148,0.78147875,4.530051623246974,0.4359911004862167,0.47865148325016244,9.5
371,46756,0.4444444444444444,65219999.5,49.5,0.58520625,0.5522290121541076,0.76029125,3.8781739060909732,0.4229211300464099,0.47615198066211356,9.5
372,46756,0.8888888888888888,108419999.5,49.5,0.57866625,0.5361875805467611,0.67867875,3.4085281636128086,0.43198679373071097,0.4815108072141361,9.5
373,46756,1.3333333333333333,151619999.5,49.5,0.57647375,0.5296079339595972,0.64605875,3.1607129140973838,0.4412838418201494,0.48769428316639135,9.5
374,46756,1.7777777777777777,194819999.5,49.5,0.58763375,0.5199338806547893,0.59752125,3.0600853208394665,0.4377331448455228,0.48829422384218235,9.5
375,46756,2.2222222222222223,238019999.5,49.5,0.62706,0.5197447087098612,0.5953825,3.1229405213122545,0.4133369311347534,0.4830555563951722,9.5
376,46756,2.6666666666666665,281219999.5,49.5,0.56776625,0.5202127127694172,0.60288625,3.0474521251374593,0.4603240869506143,0.4922242041126803,9.5
377,46756,3.1111111111111107,324419999.5,49.5,0.57156625,0.5210488884324554,0.60417875,3.1050634798074483,0.4474355698104216,0.4871533188668169,9.5
378,46756,3.555555555555556,367619999.5,49.5,0.59253,0.5150157854103943,0.5753025,3.0664284234032606,0.45463952003322744,0.48982272440816216,9.5
379,46756,4.0,410819999.5,49.5,0.57672375,0.5231494874063434,0.61517375,3.058117434555404,0.4497013453988712,0.4894058173319172,9.5
380,46792,0.0,22059999.5,49.5,0.52238,0.5241061909988125,0.6120875,4.695683852522161,0.41141456219356026,0.4317131906366253,9.5
381,46792,0.4444444444444444,65259999.5,49.5,0.509005,0.5411971520226045,0.7003125,3.9147108813117457,0.4283928094298872,0.43938821684119345,9.5
382,46792,0.8888888888888888,108459999.5,49.5,0.5220225,0.5270750273119912,0.6303225,3.39709642692426,0.4454865489505355,0.4653294686960484,9.5
383,46792,1.3333333333333333,151659999.5,49.5,0.53887,0.5115774339414907,0.55348,3.2074497674919047,0.4210755828107319,0.4491009905445765,9.5
384,46792,1.7777777777777777,194859999.5,49.5,0.4956575,0.5207035404619677,0.60024,3.1901109624754795,0.47535234405101756,0.47863624360610185,9.5
385,46792,2.2222222222222223,238059999.5,49.5,0.5321725,0.5209696702122895,0.5996625,3.1420791059097786,0.450108361360309,0.47530372388749725,9.5
386,46792,2.6666666666666665,281259999.5,49.5,0.50568375,0.514983142199151,0.57114875,3.1588137309909534,0.4679829355950123,0.47658291747633413,9.5
387,46792,3.1111111111111107,324459999.5,49.5,0.508755,0.5132225637910437,0.563395,3.1256178731908912,0.4547274155766926,0.46496298587719853,9.5
388,46792,3.555555555555556,367659999.5,49.5,0.5178425,0.5147633099998208,0.5704075,3.098490154234953,0.45285206610975637,0.46936752077338706,9.5
389,46792,4.0,410859999.5,49.5,0.50975375,0.5131786831907929,0.56265875,3.069114646155366,0.4706992225321871,0.48084271791617805,9.5
390,46822,0.0,22099999.5,49.5,0.54102375,0.555260995013264,0.77154375,4.734988599469245,0.42558475516428124,0.45509384364777383,9.5
391,46822,0.4444444444444444,65299999.5,49.5,0.5487075,0.5531529965434006,0.7608975,3.980072788259495,0.4229906272302017,0.45670138197330806,9.5
392,46822,0.8888888888888888,108499999.5,49.5,0.56459,0.5477660410422062,0.7335025,3.5017955456570244,0.4148750575474305,0.45618905570262563,9.5
393,46822,1.3333333333333333,151699999.5,49.5,0.57492625,0.517646644736746,0.58009125,3.2144354763925267,0.4547688463295095,0.48671754576012055,9.5
394,46822,1.7777777777777777,194899999.5,49.5,0.53074375,0.5169514990791982,0.58092125,3.204919109884268,0.47710197712839153,0.4897401822372432,9.5
395,46822,2.2222222222222223,238099999.5,49.5,0.59802,0.5174597598295329,0.5796275,3.098084693281604,0.42952980679580155,0.47709509082000323,9.5
396,46822,2.6666666666666665,281299999.5,49.5,0.56377375,0.515643117256521,0.57265625,3.1919210978276182,0.4604004231734205,0.485758217107807,9.5
397,46822,3.1111111111111107,324499999.5,49.5,0.59275375,0.519444276521306,0.58886125,3.068531973647132,0.4405028669102721,0.4823035451952505,9.5
398,46822,3.555555555555556,367699999.5,49.5,0.59771,0.5297109113311302,0.63918,3.0131608246194994,0.4185671852552786,0.4699994935081698,9.5
399,46822,4.0,410899999.5,49.5,0.56100875,0.5247136337387136,0.61615375,3.06343743460462,0.4529004999975327,0.4819517293321396,9.5
400,46828,0.0,22139999.5,49.5,0.52719125,0.5524570853649101,0.76278625,4.408361121453591,0.4552069108216441,0.4756018678696148,9.5
401,46828,0.4444444444444444,65339999.5,49.5,0.52543375,0.549403833238828,0.74915625,3.8418804714756685,0.4670721840419284,0.48459119323191774,9.5
402,46828,0.8888888888888888,108539999.5,49.5,0.52876875,0.5242739973428702,0.62394375,3.398816253805599,0.480802681466086,0.4926767847682596,9.5
403,46828,1.3333333333333333,151739999.5,49.5,0.6039525,0.5237031941398352,0.61426,3.2191742366856233,0.4137593379538676,0.4738023361479592,9.5
404,46828,1.7777777777777777,194939999.5,49.5,0.58556125,0.5272588763389768,0.63483375,3.1717518272473644,0.4333281953550476,0.4774685620993128,9.5
405,46828,2.2222222222222223,238139999.5,49.5,0.53654125,0.5255436961917191,0.62781375,3.070979737680913,0.46985887850845187,0.4888645580808738,9.5
406,46828,2.6666666666666665,281339999.5,49.5,0.52233125,0.5065267035758055,0.53195375,3.0887063017866936,0.4859149423491496,0.49673475649418086,9.5
407,46828,3.1111111111111107,324539999.5,49.5,0.53046875,0.5138198288580621,0.56927625,2.9857723154308866,0.4759800474658337,0.4934637018807289,9.5
408,46828,3.555555555555556,367739999.5,49.5,0.5643075,0.5125872594613372,0.56172,3.0661558484467166,0.4556501051826571,0.48857670307054213,9.5
409,46828,4.0,410939999.5,49.5,0.5828625,0.5283972417907203,0.6376225,3.060598731000529,0.42719593179252063,0.474439597197636,9.5
410,46912,0.0,22179999.5,49.5,0.508715,0.5569551754772246,0.7871425,4.62327253374904,0.4501334188683067,0.46010776242515233,9.5
411,46912,0.4444444444444444,65379999.5,49.5,0.53108875,0.5480045182289128,0.74098875,3.920080308417817,0.44602746922746056,0.4633578208953802,9.5
412,46912,0.8888888888888888,108579999.5,49.5,0.53497125,0.5326222281166152,0.66461375,3.4180443032385637,0.4564902475075577,0.47265592834886505,9.5
413,46912,1.3333333333333333,151779999.5,49.5,0.53752875,0.5187117048704063,0.59282625,3.2003520336841524,0.4673237660430748,0.48759462229273187,9.5
414,46912,1.7777777777777777,194979999.5,49.5,0.562715,0.5240408556720678,0.6191,3.209949635006131,0.439486836622862,0.47455530998282935,9.5
415,46912,2.2222222222222223,238179999.5,49.5,0.53483875,0.5227164541421317,0.61227875,3.1070780655556836,0.4525748917453564,0.4757686149654437,9.5
416,46912,2.6666666666666665,281379999.5,49.5,0.5412425,0.5136194758151963,0.5666075,3.116671068860685,0.4577740224917782,0.4826342527142746,9.5
417,46912,3.1111111111111107,324579999.5,49.5,0.53601875,0.5246179069519421,0.62383625,3.0592314018881765,0.4561781192780903,0.4794775574884073,9.5
418,46912,3.555555555555556,367779999.5,49.5,0.54635125,0.5235886068649148,0.61727125,3.0479220373642746,0.4472894355726639,0.4752668890510661,9.5
419,46912,4.0,410979999.5,49.5,0.5273175,0.5247834077535207,0.624785,3.054419564186199,0.4694025960475386,0.48345646668540515,9.5
420,46915,0.0,22219999.5,49.5,0.5225075,0.555532039508812,0.7751425,4.656089415453221,0.4558255853241149,0.47445858590873047,9.5
421,46915,0.4444444444444444,65419999.5,49.5,0.51135875,0.5271107439854278,0.63412375,3.8154220204900122,0.4806445526390834,0.4949253909371359,9.5
422,46915,0.8888888888888888,108619999.5,49.5,0.62689125,0.5189650467627729,0.59319375,3.4595623953275463,0.42680583977073167,0.4869637011723255,9.5
423,46915,1.3333333333333333,151819999.5,49.5,0.54565375,0.5179746679668513,0.58819625,3.1348816382231592,0.4654802906764135,0.49570897925871543,9.5
424,46915,1.7777777777777777,195019999.5,49.5,0.567065,0.5206367019251412,0.6017,3.086625958190409,0.4546362612346738,0.489464289483023,9.5
425,46915,2.2222222222222223,238219999.5,49.5,0.59909125,0.5093656209339841,0.54473125,3.142218549792933,0.442932079136716,0.4910317411169199,9.5
426,46915,2.6666666666666665,281419999.5,49.5,0.61854125,0.5296758941294701,0.64628125,3.100295533637431,0.43012107861123977,0.483258459914279,9.5
427,46915,3.1111111111111107,324619999.5,49.5,0.6079325,0.5200335035936281,0.59808,3.006017505402845,0.43534662471399155,0.49009208054988906,9.5
428,46915,3.555555555555556,367819999.5,49.5,0.60767125,0.5189768408583116,0.59286125,3.041179189604689,0.43816240836784515,0.4891062602470729,9.5
429,46915,4.0,411019999.5,49.5,0.5763825,0.5126123897759559,0.5632325,3.0425460246434652,0.47228223601451036,0.49540723650927526,9.5
430,46927,0.0,22259999.5,49.5,0.56051875,0.5479409794066977,0.74567625,4.555622196481863,0.4280157854769455,0.46554884492547494,9.5
431,46927,0.4444444444444444,65459999.5,49.5,0.5819125,0.531620839850372,0.6638725,3.8596914345781093,0.41193682837688556,0.4595319974837424,9.5
432,46927,0.8888888888888888,108659999.5,49.5,0.58961,0.5206633308213955,0.6069275,3.431840381437635,0.4049853319824732,0.4583429318776187,9.5
433,46927,1.3333333333333333,151859999.5,49.5,0.5538225,0.5231766076633746,0.62034,3.2854958090657473,0.4314863276341702,0.46446499915706124,9.5
434,46927,1.7777777777777777,195059999.5,49.5,0.575615,0.517407308021619,0.5914275,3.1985861898575507,0.4077195356646453,0.45392306446305464,9.5
435,46927,2.2222222222222223,238259999.5,49.5,0.5737525,0.5148864294499843,0.5750275,3.0411313223513012,0.43159032870432945,0.47714512902738626,9.5
436,46927,2.6666666666666665,281459999.5,49.5,0.5325775,0.5195591879116953,0.60021,3.058077456446564,0.46715217157480815,0.48584294399306543,9.5
437,46927,3.1111111111111107,324659999.5,49.5,0.52209125,0.5155912756305386,0.57982375,3.013725978325659,0.47489536175863456,0.4873967796362627,9.5
438,46927,3.555555555555556,367859999.5,49.5,0.54084125,0.5192382994268998,0.59921375,3.0460887854055483,0.44875424681994897,0.47512681556178055,9.5
439,46927,4.0,411059999.5,49.5,0.52857625,0.5133244190510643,0.56846625,3.0112235285869553,0.470519656033806,0.4877194390755299,9.5
440,47008,0.0,22299999.5,49.5,0.57159125,0.533106354919007,0.65715125,4.679574810654086,0.3942672506874968,0.4406450856748315,9.5
441,47008,0.4444444444444444,65499999.5,49.5,0.5220725,0.5506093635635221,0.74652,3.8452636659022468,0.45276403107304247,0.46829616208757185,9.5
442,47008,0.8888888888888888,108699999.5,49.5,0.53409875,0.5282509597279502,0.63468125,3.4882637130157788,0.4331079110766849,0.45943924023198,9.5
443,47008,1.3333333333333333,151899999.5,49.5,0.53644625,0.5111658205157459,0.55207875,3.3020664734103096,0.449561078347703,0.4716170722054456,9.5
444,47008,1.7777777777777777,195099999.5,49.5,0.52884875,0.5154638855656466,0.57306375,3.0807071027399426,0.4482954637218664,0.4705279909170777,9.5
445,47008,2.2222222222222223,238299999.5,49.5,0.5196675,0.5151782346537128,0.5718675,3.088943271441474,0.4607004788506011,0.47819903631631683,9.5
446,47008,2.6666666666666665,281499999.5,49.5,0.50282375,0.5187424721209115,0.58989375,3.049881555281459,0.4801183644639766,0.4848541297390413,9.5
447,47008,3.1111111111111107,324699999.5,49.5,0.5251125,0.5136950148821446,0.563885,3.0573122127623593,0.45424200995182834,0.4732292708752815,9.5
448,47008,3.555555555555556,367899999.5,49.5,0.52244375,0.5169422199947525,0.58073875,3.038833792343967,0.45593526246490307,0.47271227791754167,9.5
449,47008,4.0,411099999.5,49.5,0.508125,0.5209096154718368,0.60069,3.0710073253591608,0.470575561437613,0.48023888588821617,9.5
450,47182,0.0,22339999.5,49.5,0.72052125,0.5198751340341433,0.58377125,4.650069516481057,0.3573231543834355,0.4700317684602378,9.5
451,47182,0.4444444444444444,65539999.5,49.5,0.7147625,0.5235171824871048,0.60222,3.8848979001647024,0.356516301069693,0.47050691021212093,9.5
452,47182,0.8888888888888888,108739999.5,49.5,0.58542125,0.5308413213277575,0.64944375,3.3702420614368784,0.43426101833138697,0.47692145730454605,9.5
453,47182,1.3333333333333333,151939999.5,49.5,0.656125,0.5315211836144186,0.6476725,3.2312363941297035,0.38771207356207227,0.4730289452442929,9.5
454,47182,1.7777777777777777,195139999.5,49.5,0.57909,0.514290745765862,0.565635,3.1459331593429023,0.44631176627024144,0.48937061929637976,9.5
455,47182,2.2222222222222223,238339999.5,49.5,0.5838525,0.5176435720841638,0.58404,3.084300354015732,0.4491751216081211,0.4851804629307799,9.5
456,47182,2.6666666666666665,281539999.5,49.5,0.62863625,0.5302643269825961,0.64317875,3.104653525435318,0.40607083016126877,0.4798530619692854,9.5
457,47182,3.1111111111111107,324739999.5,49.5,0.59563375,0.514420688491829,0.56644875,3.0615347831237107,0.43743534534044154,0.4850908112757543,9.5
458,47182,3.555555555555556,367939999.5,49.5,0.57589125,0.5211342867512218,0.60083375,3.0254604115361934,0.44013609207458715,0.48085723513190964,9.5
459,47182,4.0,411139999.5,49.5,0.595605,0.5152109558768333,0.57034,3.012521145374329,0.4368099563034846,0.4833377006202523,9.5
460,47269,0.0,22379999.5,49.5,0.51399375,0.5491257385481564,0.74177375,4.226964208494305,0.46838048945032323,0.4776856264647665,9.5
461,47269,0.4444444444444444,65579999.5,49.5,0.52184125,0.5420886153023001,0.70585125,3.7866504982170155,0.4633884782702348,0.4753648334656973,9.5
462,47269,0.8888888888888888,108779999.5,49.5,0.586765,0.5264469001228355,0.6271025,3.3417252614991297,0.4114256098928494,0.4639352150668326,9.5
463,47269,1.3333333333333333,151979999.5,49.5,0.52507,0.5160987119087228,0.5782775,3.204850180520569,0.4705449418249999,0.4855441938142434,9.5
464,47269,1.7777777777777777,195179999.5,49.5,0.54960625,0.5199293342006245,0.59602875,3.0397642847604502,0.44353710274265873,0.47636387025050264,9.5
465,47269,2.2222222222222223,238379999.5,49.5,0.52637375,0.5219279414391328,0.60626875,3.1153947498935937,0.4715770292752032,0.4845239053741019,9.5
466,47269,2.6666666666666665,281579999.5,49.5,0.56044875,0.5165903682300621,0.58024625,3.0786654252017978,0.4496562527981327,0.4766735561394718,9.5
467,47269,3.1111111111111107,324779999.5,49.5,0.56293625,0.5152208309345553,0.57273625,3.0523424138468007,0.43343306533111753,0.46986044557548506,9.5
468,47269,3.555555555555556,367979999.5,49.5,0.56602625,0.5152305148249351,0.57338125,3.076974575037505,0.4510231290541503,0.4801715960665488,9.5
469,47269,4.0,411179999.5,49.5,0.55697,0.5155018979090474,0.57361,3.0230380100210117,0.4397121364931377,0.4697326535710294,9.5
470,47284,0.0,22419999.5,49.5,0.53666625,0.5225111473114394,0.61091875,4.707189763319757,0.4144591518915008,0.4348665469907081,9.5
471,47284,0.4444444444444444,65619999.5,49.5,0.57942,0.5215046651708398,0.603245,3.910980676876923,0.4010247443469809,0.44539313486875964,9.5
472,47284,0.8888888888888888,108819999.5,49.5,0.5562025,0.5137563667289746,0.56557,3.4521545835424483,0.4335972011904043,0.46605572687188185,9.5
473,47284,1.3333333333333333,152019999.5,49.5,0.57007875,0.5270471242379509,0.63065125,3.1700723798295156,0.42552495921190925,0.4686370624987098,9.5
474,47284,1.7777777777777777,195219999.5,49.5,0.54908375,0.5247480062398052,0.61999375,3.216637986955081,0.45136909937353614,0.4782034615572212,9.5
475,47284,2.2222222222222223,238419999.5,49.5,0.54493,0.5160048930303096,0.5773925,3.126204511946937,0.4512849157830959,0.47475608422539944,9.5
476,47284,2.6666666666666665,281619999.5,49.5,0.571375,0.5133267493318595,0.5628175,3.107611852691061,0.43747335145328753,0.47844812399796216,9.5
477,47284,3.1111111111111107,324819999.5,49.5,0.55897375,0.5154701437301554,0.57423625,3.0352251484863024,0.44494375069688025,0.48042734261864134,9.5
478,47284,3.555555555555556,368019999.5,49.5,0.54985625,0.5205386537586233,0.59981875,3.0709810670714366,0.45061545351042126,0.4776737749718781,9.5
479,47284,4.0,411219999.5,49.5,0.536075,0.5139672585401754,0.5674275,3.028708003056442,0.47247483850566363,0.48840332592811486,9.5
480,47317,0.0,22459999.5,49.5,0.54363875,0.5572098613109235,0.78698625,4.52057506719646,0.438478222480885,0.46909890456509346,9.5
481,47317,0.4444444444444444,65659999.5,49.5,0.534145,0.554728879484336,0.7741,3.801166406328122,0.449731666480109,0.47456592902170597,9.5
482,47317,0.8888888888888888,108859999.5,49.5,0.56299375,0.5273831455769349,0.63338875,3.3891302864331787,0.4391414342603724,0.47025566085777415,9.5
483,47317,1.3333333333333333,152059999.5,49.5,0.5922725,0.5346556304179372,0.669355,3.2167258724678582,0.41294937172874424,0.4672692556874022,9.5
484,47317,1.7777777777777777,195259999.5,49.5,0.56034625,0.5287114714712627,0.64151125,3.133336175219352,0.4499260701463791,0.47985891673620024,9.5
485,47317,2.2222222222222223,238459999.5,49.5,0.535235,0.5162745498151352,0.5789625,3.034527966699289,0.4714538794125354,0.48982197789254517,9.5
486,47317,2.6666666666666665,281659999.5,49.5,0.5426625,0.5211093700201359,0.6034775,3.018815449868005,0.46249290257875764,0.4883917254610084,9.5
487,47317,3.1111111111111107,324859999.5,49.5,0.56486625,0.5170017059929365,0.58299375,3.076184545639088,0.4521732310155173,0.4839504927277288,9.5
488,47317,3.555555555555556,368059999.5,49.5,0.5512275,0.5169129812794039,0.5823225,3.092943423533555,0.4678608903969806,0.49004907118074437,9.5
489,47317,4.0,411259999.5,49.5,0.567795,0.5199210987178414,0.5961675,3.059569721617583,0.44908925887633855,0.48465150555285863,9.5
490,47431,0.0,22499999.5,49.5,0.51783375,0.5531606043729501,0.76225375,4.561601828952766,0.4456370516041384,0.4588293905185087,9.5
491,47431,0.4444444444444444,65699999.5,49.5,0.52237625,0.5522670393483855,0.75729625,3.890989938186313,0.44748636247427037,0.46268806613624774,9.5
492,47431,0.8888888888888888,108899999.5,49.5,0.564045,0.5421216220080043,0.706585,3.4490585410156074,0.4294530324037873,0.46597607753602344,9.5
493,47431,1.3333333333333333,152099999.5,49.5,0.539505,0.5285817062250147,0.6400025,3.204014900608434,0.456919258975613,0.480370882481702,9.5
494,47431,1.7777777777777777,195299999.5,49.5,0.54061625,0.5207943398655676,0.60185875,3.1170740912993486,0.4604476815671793,0.4812891378200689,9.5
495,47431,2.2222222222222223,238499999.5,49.5,0.57036,0.5143031414412322,0.569315,3.1440403094130795,0.4501644974473539,0.4795945206420128,9.5
496,47431,2.6666666666666665,281699999.5,49.5,0.543445,0.5172595733490267,0.5844675,3.0627771448597674,0.4604309442322969,0.48416373459902845,9.5
497,47431,3.1111111111111107,324899999.5,49.5,0.55547375,0.5150987908088875,0.57244875,3.034623570479772,0.4536596407974422,0.48550775833671445,9.5
498,47431,3.555555555555556,368099999.5,49.5,0.54333,0.5146468170905693,0.5715725,2.989134146027598,0.4641180963995486,0.48428618267447027,9.5
499,47431,4.0,411299999.5,49.5,0.56550875,0.5165955972786245,0.58081625,3.07612419535242,0.45393070222770254,0.4825203442045329,9.5
500,47470,0.0,22539999.5,49.5,0.514635,0.5538886712269268,0.76897,4.332104324015113,0.4580120526173721,0.46937995760485507,9.5
501,47470,0.4444444444444444,65739999.5,49.5,0.50957625,0.5348459738704084,0.67206625,3.601320325621718,0.47407664568572944,0.48535963924868536,9.5
502,47470,0.8888888888888888,108939999.5,49.5,0.54181,0.5389732442984483,0.6912,3.3416112058861427,0.43229391960326774,0.46269093165201436,9.5
503,47470,1.3333333333333333,152139999.5,49.5,0.5666775,0.5160972562842849,0.5791675,3.1666507746470893,0.4470927166361159,0.4845320944361818,9.5
504,47470,1.7777777777777777,195339999.5,49.5,0.53191875,0.5311004149252513,0.65537125,3.1350259987175617,0.4665881633942653,0.48674100245584684,9.5
505,47470,2.2222222222222223,238539999.5,49.5,0.56505125,0.5204015421990598,0.60050875,3.032385221290194,0.44873765016521616,0.48336210852478706,9.5
506,47470,2.6666666666666665,281739999.5,49.5,0.55163125,0.5257714439859015,0.63207625,3.0009660694226947,0.4585029477164626,0.48455350508830597,9.5
507,47470,3.1111111111111107,324939999.5,49.5,0.58332,0.5202846931609892,0.5987825,3.0641731404610075,0.43394677518556046,0.4800283025233629,9.5
508,47470,3.555555555555556,368139999.5,49.5,0.5401425,0.5118750388991352,0.5574525,3.0120300426185107,0.4672145780799959,0.49001053995620475,9.5
509,47470,4.0,411339999.5,49.5,0.58669,0.524621965784624,0.6216875,3.0241488192064403,0.41969333563791195,0.4711636102326285,9.5
510,47737,0.0,22579999.5,49.5,0.53344375,0.5578935277321988,0.78802125,4.542009601039064,0.44221723066415297,0.4662233727668087,9.5
511,47737,0.4444444444444444,65779999.5,49.5,0.54152625,0.555367686776275,0.77511625,3.8943225184181354,0.43187455042774664,0.46109335530177487,9.5
512,47737,0.8888888888888888,108979999.5,49.5,0.60796,0.5280205286674748,0.6341475,3.4233904524573613,0.39480881564934456,0.4561830852580333,9.5
513,47737,1.3333333333333333,152179999.5,49.5,0.52092875,0.5261626599057322,0.63394125,3.230284290851924,0.4694806088334361,0.48053673224169446,9.5
514,47737,1.7777777777777777,195379999.5,49.5,0.52615125,0.5393904895638392,0.69576875,3.114714391249267,0.44819875383035435,0.46964781250169685,9.5
515,47737,2.2222222222222223,238579999.5,49.5,0.61126625,0.5165610790858838,0.57657375,3.141569437871122,0.39416491566785683,0.45965659298251726,9.5
516,47737,2.6666666666666665,281779999.5,49.5,0.51863,0.5196333004608465,0.597755,3.079288524148159,0.448350195887108,0.4635045128926571,9.5
517,47737,3.1111111111111107,324979999.5,49.5,0.53549,0.5236748576669834,0.61902,3.035346481293867,0.46385555830661207,0.4830302761556089,9.5
518,47737,3.555555555555556,368179999.5,49.5,0.514805,0.5105770713844172,0.5529675,3.082600653121064,0.48506743869036845,0.49235564129598575,9.5
519,47737,4.0,411379999.5,49.5,0.53054125,0.5080197783852162,0.54002125,3.0447435319937877,0.47776858642504544,0.49032076646985284,9.5
520,47740,0.0,22619999.5,49.5,0.60848875,0.5363725944998734,0.66726125,4.5703016311233755,0.3812762613907972,0.44761331383157266,9.5
521,47740,0.4444444444444444,65819999.5,49.5,0.65016375,0.5300622003714106,0.63688625,3.9198316439234335,0.36405762109376905,0.4515852787392088,9.5
522,47740,0.8888888888888888,109019999.5,49.5,0.58970125,0.5340691830541681,0.65657625,3.5069769490493305,0.4166567350889033,0.46681940194977983,9.5
523,47740,1.3333333333333333,152219999.5,49.5,0.65053375,0.5198760196881326,0.58745875,3.2372733757471286,0.3856642136069262,0.46488498238562503,9.5
524,47740,1.7777777777777777,195419999.5,49.5,0.60009375,0.5251014409106166,0.61377375,3.175406612562153,0.4179773843718681,0.46979105510662483,9.5
525,47740,2.2222222222222223,238619999.5,49.5,0.56289,0.5118714478772396,0.5526175,3.051185020393483,0.45443609749471203,0.48415273403984765,9.5
526,47740,2.6666666666666665,281819999.5,49.5,0.59215625,0.5157091787338693,0.56950875,3.085430673581034,0.43517419405198055,0.47798027733650883,9.5
527,47740,3.1111111111111107,325019999.5,49.5,0.55099875,0.5157529956437996,0.57062625,3.0207042367638905,0.4572230249087164,0.4795392535927017,9.5
528,47740,3.555555555555556,368219999.5,49.5,0.6284525,0.5202024190811113,0.5911675,3.107501685060192,0.397739226410998,0.4706284869872163,9.5
529,47740,4.0,411419999.5,49.5,0.60751625,0.516460788288911,0.57351625,3.0424819979725113,0.4158952076919603,0.47511690170415954,9.5
530,47743,0.0,22659999.5,49.5,0.5134725,0.5584112921872098,0.7946825,4.786992546033593,0.44678727981564714,0.4597072169429144,9.5
531,47743,0.4444444444444444,65859999.5,49.5,0.6539775,0.5267746502339676,0.6342275,4.0249385559645665,0.37247103189766245,0.4559519484223507,9.5
532,47743,0.8888888888888888,109059999.5,49.5,0.5594025,0.5380106049727819,0.6914575,3.491203299968191,0.4290717162938185,0.46671164427491496,9.5
533,47743,1.3333333333333333,152259999.5,49.5,0.60101625,0.5309968779645229,0.65614625,3.289417286708078,0.4114259646226543,0.467458095449165,9.5
534,47743,1.7777777777777777,195459999.5,49.5,0.6204625,0.518203956529602,0.5914075,3.2074379826154518,0.40458643010956236,0.47033234059443146,9.5
535,47743,2.2222222222222223,238659999.5,49.5,0.59748125,0.516370170623264,0.58353125,3.1243429439381294,0.4186390020321193,0.4710034617914202,9.5
536,47743,2.6666666666666665,281859999.5,49.5,0.55009125,0.5123472817482496,0.56601875,3.1482766927107835,0.46627046115383347,0.485719791598342,9.5
537,47743,3.1111111111111107,325059999.5,49.5,0.54736375,0.5165756391318411,0.58524625,3.0856290684740135,0.46208298027975,0.4852219104020015,9.5
538,47743,3.555555555555556,368259999.5,49.5,0.55778375,0.5123701363575693,0.56411375,3.122207409067525,0.45330562213677733,0.4814380607382574,9.5
539,47743,4.0,411459999.5,49.5,0.5349725,0.5180966760463491,0.59457,3.0771135952377575,0.4728885145354374,0.48506756656308164,9.5
